info, CS999, Timmy Tim, 2121
Pavle, Jessica, jjp8081
Diederich, Sara, skd3354
Evhen, Herakleios, hbe7640
Poornima, Constanza, cyp6157
Uzzi, Kannan, kxu1938
Marie, Sharifah, sdm6934
Rebecca, Devan, dzr4628
Birgit, Roland, rxb8246
Bratoslav, Melati, mpb3647
Luisa, Ivet, itl4128
Caratauc, Wilt, wjc7129
Jerneja, Jayanti, jmj9217
Nemesis, Othmar, opn7277
Kirke, Rashmi, rik7184
Shripati, Matleena, mvs2818
Fidel, Nosizwe, nzf3295
Britt, Magdalene, mmb8309
Dara, Genoveva, gbd3086
Emmy, Shouta, sde7303
Gwladus, Yeva, ywg8665
Cuauhtemoc, Eithne, elc4044
Mareks, Wesley, wpm9282
Gusta, Gunther, gwg2189
Kourosh, Beathag, bck1462
Gwynn, Kallias, kyg4805